PC1,PC2,PC3,PC4,PC5
-6.93923456214513,5.119692653025042,-2.5568029056739534,-2.813172418633883,-1.3225234151673262
-2.038524100245529,0.5465850580934096,4.930055982560974,0.6511409887431984,0.49830123943698357
2.9710066625340183,2.789861942957013,-5.32378447335467,-1.9330980331677254,-3.446520540053828
-2.339969530250372,2.558194115008698,-4.765663724218329,-0.01836726286086773,-0.5837636021517669
-10.492760570016848,1.3411574614203925,-0.7039709601971735,-1.2666178804991786,-0.34383929714130484
2.5901583418443637,4.224999977396445,-1.4255367331980584,0.6257838245267187,1.1363865310556445
-3.358136233999198,4.032097548493464,1.6186752469409569,3.1280715231341607,6.296560593741744
2.6872614943870032,-4.915734888735292,-2.902265205031931,-3.9758472649414234,-0.5574611323249026
-8.99108941867276,-1.4498472122361068,-1.2292415122524791,-2.4289952506738066,-0.6961307407464774
-8.735718168734008,0.7797437228122873,-1.1902968406085224,-1.0741899252112832,-0.8060681781136518
-0.6683501890960395,-4.131276904216694,4.542997176532305,-1.617258402657233,-0.9584513493278778
-2.8846670831838863,0.04345859639555431,1.965269421983542,-0.2347998871331963,-0.5156175596970799
-9.262053729801082,1.7156388948473043,-1.9261707384319173,-1.4134326094472704,-0.6418197419455087
-3.517742621499818,-3.086057506138769,3.7120578311289796,5.081168755644867,0.13727248290511357
6.95246942427975,-1.166369184374834,1.7418138937845404,-2.1201569688233746,-3.7242756346382726
7.072343869613782,1.6522290040401482,2.180471381792603,-0.9285560328261836,-2.883339534883509
10.885623975961346,0.09455498020724354,-4.3125086082714486,-1.0711303495953237,-1.2373354851158562
6.338727623672449,-0.9677279619173736,3.03720205609861,-0.9997659608997908,-1.4640767046513066
-3.3242930122881122,4.229453037333933,5.587503074829486,-0.35784923553577763,-0.5062847852256868
-0.9452419350101378,-1.07779848763093,6.4288926174568415,-0.03169224006639043,-1.0093908864038597
-0.10072770777856296,1.5803813432608362,0.8897230978712662,-0.44846102799103016,-1.6386991650513694
0.4738064243956689,-2.2685809777454797,2.210901541333593,-1.2570577499354516,0.11878159581078167
0.4375219671446481,-7.634867511455769,1.4284921532541457,-2.111426930397785,-0.39851048367176034
2.867538690468322,-2.466219907835232,5.630169512126376,-0.7502633866317667,-0.8577671572529405
3.898378923712795,-0.20788127235385345,1.2606020059710628,0.4075655838688135,0.40201562417295145
0.4910094436291277,-0.6093951193911248,5.431015459087316,-0.07214022927399201,-0.4181240631181202
4.82272311596543,-5.947656504653653,3.776435630271063,-0.8781811289509072,-2.140216050338334
-4.925345167918108,-4.311897661706993,5.528039754044225,-1.8041685911875533,0.09984884357227805
10.459126406540543,-4.131413598440464,0.8067797250322354,-1.1500353643241756,1.1309048492567537
4.5717327695527645,2.705092839644179,0.6835812601874787,-1.4382641217940157,-1.278190849973253
1.0105122385126193,-4.994891225754394,-2.531102636643925,-0.8298933126802811,1.6141444848996547
-1.1477822815671337,-7.64186098037149,-6.6042629389459355,-0.9101208788816976,-0.6073886748485893
-2.05878906988727,3.573475002355325,2.6441285354194592,1.081849374917807,2.3232243906863053
-1.3673515439066193,-0.757482617484408,3.5558738008595907,-0.6664654647299028,-0.6529743622017823
11.955650456787952,-1.2755366491649973,-0.11586317186823951,1.8599444271804384,4.432303893503542
-2.995436622317167,-5.4561633031268775,4.195354134657882,0.23034899345424356,-0.42017289161847415
-1.7293381115424982,-7.913121754761851,-1.8504298428526953,-1.4615466237010328,1.4653648034109945
6.2965110714095625,0.5346730007867391,2.0056131969530306,4.935878713826491,-4.48638837807352
-0.02459931371102581,-0.32973204641294607,4.025058168238682,1.994363219023442,1.9182930775816818
-2.0345804319658414,-5.865943656683742,5.088309176254381,2.15979931425352,-0.7211179924885124
-3.2996058257092287,-1.4153828106823167,4.671129422562214,-0.4697698828979451,2.9712326369891624
-3.1522477409916494,3.1973794558801383,3.436263951556188,1.2120086514761286,0.0910174909833362
7.631879783359203,-3.8416637125836672,2.8027183099495496,-1.531808624041439,-2.0444332379953
-5.224557678626543,-2.6527731208890857,3.402539048571492,0.3395756982323618,-0.6690472879117804
2.4910921338279626,-2.3691033778637736,0.701838116214151,-0.06326662794503397,-2.1015105135798624
-3.3113371316186795,-5.939834981370763,-2.586906790318779,-5.138132631606064,-0.8936806027269645
7.668770139054484,0.4451461701507038,-2.1770531991228523,1.0142868791971988,2.7962332763130178
10.979156178708973,-0.868116169256272,-5.40642362518486,-2.5200399826052595,-1.9855129392685833
-6.698750877917838,0.8652132575720809,2.1175117819293114,0.07933261771162085,1.100783081825489
2.5658920901040796,-1.9615627302981156,1.2411912732324455,0.751068469508156,0.14849172727641158
0.9637271300637393,2.0209989749848316,0.7845528778374811,0.7458391112345807,0.4578573177861224
-4.38385524647032,2.9537537216967005,-1.8217631862981376,-0.2382237521899719,0.584227843384142
3.068580816668453,-0.6277493850849102,-4.581096006330028,3.8966427304422315,2.821565211882019
9.662202445228763,-0.3520549988415563,-0.35765329679912455,-0.8063973761193824,-1.0222468910915004
3.887601502929767,-2.97395684395108,0.42297608255640295,-2.9651597052476593,-0.831537995407919
-1.9200295758476311,-0.673142994693634,3.447233267183026,-0.7410350614581179,-1.0984082184183803
-4.441889184117883,0.8519106550958402,4.303377622028153,0.9766286779836948,-0.642826976628805
-2.8265223029406394,0.4660918355197326,1.842262351527195,-1.5197973353260426,-0.659625203180253
-6.871873809956335,-2.371055783453123,2.604721578819723,0.3909286047422025,-1.299835757871606
-5.068439984504825,-1.9201529492838576,1.0207425301351005,-0.2556367993885436,-0.8767662249135565
2.5888581222358,2.9487939151999423,4.9878283351753625,-2.4620157564897074,-2.7512071423781252
-9.380857189695847,-0.531184497851486,-1.8879169894594503,-0.9290973189512102,-0.12125477882974471
-0.8627952688831918,1.247254776221054,3.3697980094217934,1.8524705440183258,2.540192535741308
7.930313293781036,0.1456400608387784,-0.05002609406258623,-0.7982504240843125,-2.1063848361969773
-7.487579212342852,-5.126305171315683,-3.2283261832789085,-0.7109911822071157,-0.5515435074485253
0.5184200546906353,-8.899210514202272,3.942173041642175,-1.778790518884851,0.7239111952391876
6.571605772865724,-3.9677566442961383,2.2511201223198656,-2.7823180699552763,-2.3163267166187937
8.05095604175275,-2.622943866055627,0.5979132657678748,-1.1748723038700948,0.2549211928785467
-2.5653627988230654,-6.8151823310882875,-2.517609679484296,-4.077612170393124,0.1349146810661125
-3.472362951202277,-3.5726017958558303,-0.04924391993046419,-0.10733880589227866,-0.4548632483870982
-4.222891042856795,-4.193744329377188,-1.2361263935142692,-3.763889201096375,-0.2582488413806055
-9.75054409592428,0.8547352417398136,0.5412873140404953,-1.255887275487957,-0.24962367730691448
-1.68820386734358,-4.923655397225843,3.286619270168397,-0.4943068513529543,-0.5401700361255276
-7.7427284118486295,3.263605997256451,-4.429121317327648,-0.5465192628695857,0.6254586255982958
-3.9976605025438996,-9.151543590660562,-0.37849582422836897,9.967846745470206,-7.296589974303176
-2.632028097552454,-1.9816730701969307,4.244323314238226,-0.47145091814727164,-0.826789772264509
-7.23867436439847,1.8057786652185797,1.9159426562832336,-0.5017623715186109,0.7386399360112781
-0.06322830521208742,7.138665050683498,-2.368374677625935,0.13506182736412384,0.21717036516838809
-8.554817888567461,1.833938630971599,4.551720869851174,-0.7645601798800219,0.49927691257009577
-7.012447647356753,1.362967870918072,4.120695862771716,-0.12455689470966853,0.8816525700840595
-3.7100360493397444,-1.719387907922507,0.4185418961708834,1.4698134168843415,6.787042159546757
-8.182197025952249,0.40184803201476466,0.8822726918146616,-0.1468351025467595,3.5287859047589567
-8.387755414311785,-1.09331790511408,1.6535700560539675,-2.2410109662448154,1.1390271612803329
-3.165868356526463,-6.1368248880016845,-0.3401077979352771,0.07690390059233143,3.7922070392503273
11.36766535757678,-1.9111686096035305,-1.293923439191344,-1.3528991934094199,0.8056857753098684
7.55959118143076,-0.5086818508129504,-2.7946256711316706,-3.8251597072308616,-2.628409623492247
7.504275954909437,-2.2346778006241554,-0.5356926611299418,-1.307566182000218,-0.26540213125494044
-10.740053341249805,0.3772159634259146,-0.9260241627595704,-0.8970739106080488,-0.6111361992944505
-6.23907621887792,0.12144563035870372,-2.501828250329142,-1.1958360652502507,-1.4559009563909482
3.967954663899238,0.8718199345607747,1.0642109251302643,-0.5745379421071322,-1.0761444927036112
5.735964637353181,-0.49381515484993604,-0.9915016635214734,-1.7200823006796024,-1.4430396869816804
-10.74283366897991,0.7201806699549277,-0.8469947308179958,-1.5736073717833416,-0.6303376275853116
6.560486092153016,-0.23827133843531464,1.2935727285805196,-2.335084326640256,-2.670075374262567
-10.572913203519242,0.6655197758637273,-0.8264024602903353,-1.0271856230084984,-0.6082559105344709
7.363055667662726,0.9354256714382169,3.3259704763996547,1.3636891192306413,0.9481006311720538
6.659534396062179,-2.927720044758064,-5.671236761803903,-4.608914069289693,-2.999685406085501
-1.9617696150990283,-0.22224462140437382,6.164919016841129,2.7776264700774553,0.7750981956669591
2.961923890585331,5.3153295271068925,-3.7324624794190635,5.0358104246557165,0.23506242750562742
2.9430453483797137,-3.0715629233896884,0.6962988944590467,0.6852348806729681,2.4695602551769675
-2.219632228508579,-0.4912081228778028,-2.7459588879460166,3.659984726566572,-0.6088678056499467
0.721379626315277,3.8843113153864692,-0.8414889876612286,3.1846407615691095,4.571321128842912
-6.944154061213382,0.0338456225127854,5.294138197971472,-0.6451410146781379,-0.0309650883443033
3.200393014032961,-6.323840491466527,-0.48468918585490095,-2.7346268361833697,1.311982396988299
4.741360353285209,2.358831046149532,0.549162550680452,1.0408600286684935,1.1107948098235063
-3.4052947484360883,0.030045134675165966,-5.127263530046205,-2.331632578549247,-1.3441777358341265
8.599813836534418,1.3333783939380048,-0.5476662215832098,1.3708963921288309,3.514002498895996
2.9009228270114287,2.485564392818019,-2.2226082977737933,1.0228092071326715,-1.801065723880095
-3.2449063103540348,-3.150153970089454,-4.098646699828145,-3.143353111861726,-0.1532182075921906
5.296374959378536,-1.135607937491406,-2.9270647596285957,-2.917612146180772,0.4355921792849209
11.751231958558,-1.8450095310292804,-4.442212646560432,-1.8216896051304727,0.8334463075135254
1.560721700203108,6.306453930623925,-1.2265905514398976,1.13105588081215,2.425550524406383
12.16235256861947,0.5889081972701097,-4.887942914525962,-1.8733549551889686,-2.1013844429845556
8.146897277713236,-0.5536533203928697,0.7943908612951363,-0.09724678057198088,-0.09359223800648614
8.02436994594292,4.169009785244617,1.6587358759295456,-0.11285827066379037,-1.193388728339445
-0.6507616968019141,0.4664330471601813,-1.9867140813053545,-0.4214216789406885,-0.626540239030173
-5.7049616160519925,-0.1013054003967196,-0.9890568157484374,-0.9119891127310792,-0.8143521036398381
5.410568534921534,-8.971748765717338,-0.5426832651274789,11.458116434876146,-8.313660310766098
1.2947954613319526,1.7072946390515373,7.087328152973694,-1.8144750052667586,-2.619539222704989
7.3949236951586546,2.7395172821479243,-3.635512116874128,-2.3867100633638407,-2.780339603753469
4.079963454093333,-1.3069260999370014,3.4882536296258544,-1.6671748813231608,-2.0596821337210653
-1.9503359582148996,-1.894601021856444,3.541573188943375,1.3445748338267816,-1.7851929902299906
-3.538937992266918,-2.2038069977088455,5.857886198364897,-0.20925941011289656,-0.976285456054388
-4.953940697299579,0.6335382798843353,4.578681326650303,-1.0189616456790491,-0.4171195872709048
-6.165249771074128,0.8345228248928569,3.810816049888947,1.2043711177829226,-0.21544186415378325
3.243432675021856,1.8348783576380456,-0.6189762608883754,-3.039635270000688,-2.8650045799817776
3.691178689875356,6.848476457576765,2.878917037245824,0.7705200103841369,-1.6503774097476787
-0.1709520533328691,-0.6692930003324601,-2.0242831035323996,-2.2401889457531303,-1.8030419310235979
7.932643762368334,0.4785304010838612,-1.6500239027229233,-4.007398080953617,-2.5002456534222692
-3.259031956150896,-1.1602531910383411,5.536090440890607,0.28519842353571895,-0.023032708611226044
4.94837524225836,-0.5292583827753502,0.13436003197110238,5.914924224205916,-0.7383234112933726
7.732578937898708,2.641021899605928,1.0076199238856853,-0.8818228617271736,-0.8112416906294202
-6.417946360880815,-1.0662900632597894,7.158628782449582,0.5103609813624602,-0.16817897072133656
-0.8289843154262109,0.7819003618906323,4.5315450052996145,1.3882530876170387,2.935801649666083
-0.1706429039578665,-3.725170496674967,4.410020644311355,-0.6208149078981986,-1.479040205883181
-2.6959196528770124,-3.5279781218657167,4.034359534491335,-0.4375371322285416,-0.10370810865123507
-6.812449929533396,-0.7439258778851915,7.317839876046466,-1.6242236680987272,-0.1655605145981061
-7.400155978155747,-2.0354898704372695,5.645009367794143,-0.7663429553527519,-0.37262533791983543
-5.540532397231466,-0.845971616623268,7.373209335200278,0.09785702779248691,0.08473772844880206
-6.928298214774376,0.20340715864676653,1.0350067007288248,-0.5208018191062925,-0.8350743001111869
7.446009326107883,1.0658958688312048,1.7745384755108284,-0.7849594392387289,-1.6463153220138216
-6.025095222806862,3.6047010523584793,1.8004901793870078,2.846639000457062,3.9578378393337714
-3.641068954000753,1.1722160790502343,0.608793898641525,1.9001702591694938,1.5852633418745739
7.673427411029678,2.238481740034429,1.6906492728727176,-1.8289743713951747,-2.806114923019994
4.448795404561214,-4.393471501606135,-2.2053903061390594,0.8224366513659152,4.617035159864291
-1.4282576040653596,0.6483572055904723,2.264624036507917,-0.7297396660845329,-1.4128092985356224
0.6293793882354248,0.005119589783368127,-0.033774723272377766,1.1345242660330515,0.6230689173477257
3.9385262923961313,-2.708777003409502,1.6870689454046048,-0.6098804040088699,0.7332075000699138
-3.209921841304234,-5.8156354884631,-0.43698177278397626,-2.0505059980205123,-0.2354362822209116
5.5776969409535955,0.6823267976313844,-0.12594799759319938,-1.452242583400591,-0.3360210870018832
3.627356824138489,-2.098064772763117,-0.901751266824172,-2.410446475643467,-0.9510550814398335
9.415572064503499,-0.125167119301955,-0.32764644224822886,2.0966592960376347,3.546932346711901
-2.5845224796891832,-3.8258816607775983,1.8436571169025426,14.135382264014082,-6.391564077532879
9.184779195135361,0.1787198030259477,0.4471551018073835,0.24643620957012513,-0.08648059022316819
-3.2081582743236825,-1.9016659710898127,4.892054152165019,-0.2880017467253693,-0.5389625427227226
10.42860650867062,2.308545738868905,0.07977585896610608,2.0892915541995634,3.711805960111008
8.34368111684206,2.598842514357609,1.128795573723704,1.220811445031424,0.7181046662257666
5.971740072260903,3.3620367166529364,1.0974385527574673,1.3932697227530664,0.3063664488440884
8.182749117170955,-5.214469314812932,-1.2102515546664085,2.0174692025471477,4.7394371996616504
-0.5040264187091666,-6.748546652475899,-5.468708207171565,-1.327222904074916,1.4690897594143397
-1.986166221997044,-4.825498403183073,-4.387981993052395,0.13382325809344917,1.0491803803858841
-5.086194325534873,-8.047483102486607,-3.924603106637468,-1.0349058918821332,-1.6111446955287108
7.658476636457345,-2.922131477598033,-0.5874849890300451,-1.8973637097087084,-0.6973549215434575
4.867968181125637,3.9209840239764917,1.584225633636649,-2.3526524229425467,-3.172670677728404
3.6798029754866266,-5.218740445981305,1.0872251678469829,-1.4668651049127641,-1.2811816154997282
-2.728575534919296,2.120520198575051,-4.367969574920452,-0.4200978071788278,-1.1056375028560268
-7.180386559528025,-0.958574462956457,-4.314715462142462,10.611435878327132,-8.12505657154446
8.678039375209202,4.345481246989886,-0.1927023773360281,2.944837816997531,4.072486690049872
-2.08219395266258,2.044540194407534,0.20204583304920473,-0.7238718183635037,1.8530025574264348
10.334573990000333,-1.0045657887869046,-0.9295675412035576,14.41180091768212,-8.725328866769757
-8.355556254864094,2.9285667359460024,1.1820785885013998,-1.448309805828248,0.36950654246465614
9.174128037850487,4.172717878456384,2.8158996995447065,0.5026830858793614,-0.08655655222704568
11.719414094042039,1.234319508946947,-0.3756064527509068,0.37376163463164497,1.3882160437206668
4.834613172830915,4.099920177534949,-2.1980108127806113,1.010675340614527,3.161080365023882
-1.2522244445062682,1.2404626485246864,1.5307845140520484,-1.739461503761128,1.3516854681346526
7.660025453311919,2.6083797742514996,2.29382696057098,0.39782799560837745,0.3627038057970086
7.8571123934041625,3.0216725793030084,4.056495668347773,1.6987780646040904,0.12522075559517049
3.670848320924278,0.4265741986341228,1.2867524670925967,-0.26959826955542243,-0.6184558980523779
4.947831782817245,7.20499358587391,-1.1022175609699065,0.9465077580530078,0.4913042474546815
-8.18221303422343,2.7408044525251483,-2.826027881063964,0.6887502254624982,-0.00011102499987009435
7.176338660462242,3.4478318405456223,2.314353582920812,2.1471743623424366,3.205447616099959
3.3378999446721913,1.8664775748732187,-1.2124848864523903,-2.2519715108404457,-1.1383924657763131
-9.376686380914357,0.9590118163695444,1.8130009719224822,-1.344935632001836,0.4722014054758791
7.495810122800866,5.700811899259994,-1.048300302761025,0.49566963934162406,1.1672879006188743
-2.786464451370961,2.008094921018314,-0.14807404474366717,-0.16441266309425387,0.9715297021813339
-5.651666956605206,-0.06715734169787095,6.225733372354893,-0.43462767068498875,0.15900534136011904
-3.598018343507134,2.383823291504078,1.1072318062457573,-1.9546660076455766,-1.542319567338119
9.442840696538683,2.351023247028631,2.4268095000825443,-2.0448984665166927,-2.5856524547402686
5.0075520154745785,0.6700615129114325,4.640083494230836,1.4537472327801828,1.5599410828073659
4.229945685064044,-0.8403853491575192,0.787235219767312,0.19314471177308082,-1.5616448252945219
-4.963306958526364,-1.02758091726147,6.739976067062945,0.288659078678971,-0.09603340888187455
-4.030599157810877,-7.817433822547356,-3.397232880711437,-2.494814533659975,-0.632542689716093
-3.144461398748567,-2.4081937463559884,2.4731594069076386,-0.14881989661922224,-0.33543621064625695
1.5307323863493156,-2.291612719103859,-3.68031943488265,0.5177452653505683,4.486496734166595
-5.651875694927337,3.6241342066642983,-2.828085451909925,1.0701230843715808,0.8883978872734337
0.300929129310869,-1.7647072594862507,0.2223069833872725,-3.186399205855837,-1.331846557321493
-8.63347928855003,0.07962971296847594,1.1245348905209267,0.1564309998884234,-0.07797612511781674
-2.8852365527005843,4.221733782775534,-5.018271964590706,2.9915241274847517,2.5046510978431824
-6.621769997813505,-0.10349173149258115,-0.8804687086295547,-0.6703375642787887,-0.8925123524209109
6.9154948586764595,0.6002928642471556,0.76326758260002,0.4305311087963812,-0.53854592235671
8.700626365130306,2.6786145493228695,0.6258691327710134,-0.8529206345713685,-1.6297729719675027
4.3436276321810965,0.33395145233324736,3.16842897087465,-1.755516532692208,-2.7930254117151274
5.40019522705401,2.3190460376325737,-0.44692896715716995,-1.3837843504923946,-0.9031135752819753
-9.071126217249313,2.053811900836739,-1.4874215111011881,-1.6308389704244886,-1.2585656447197506
5.899292054484556,4.657698618103366,0.9196701777373016,-1.2175583123848936,-3.1678681323491444
0.44412979379124246,-6.99911450629095,4.249565211682635,-2.1363700218766324,-0.12600833371827755
-5.921270710100415,2.90720623536892,-3.0878333202951165,-2.604294680361426,-1.998845617197448
-4.9960180665295235,-4.839783143044981,3.500796068222851,0.24403025475832896,0.11690133645240895
-4.522907838350821,-2.4499770690806577,-2.2080679801934195,17.40046760477093,-8.129803146475867
1.997377018815041,-2.776809097408364,4.097023689355207,4.246864732144268,-1.589043770069297
3.131328899077876,-2.6655767436984923,4.964099829468169,2.4475466691872603,4.232365931242892
1.641428012126102,-3.243812313643029,0.20236184988693853,2.5852445301476346,7.363430594420661
-1.1858899600853834,-3.2335202700651156,5.871126265921238,1.2345946023335506,-0.0816104561798353
-2.588509831313953,-4.7015921119084325,0.045083367824840646,-1.383670933619872,-0.35672260186607935
-5.694268856865019,1.1420758471486316,-3.3018643931834575,0.28646098569375555,-0.47840651964256187
1.6557409572095376,-3.147001161279208,0.42029703753133474,0.6163575578688363,3.40502030258957
12.567797668823706,1.1842059146660198,-0.11973808435938996,1.613789848093194,3.574096076245343
-1.8368833857412354,-2.982652685098577,2.089920180629246,4.787742345942955,-4.0083504556885785
-7.824446136165679,2.40726881174251,-3.737582508046091,1.7573087057789276,2.1769496852724006
6.0338865604328955,-3.979131339550638,-1.79508428723453,-3.993673683223653,-3.1859270955212593
1.2937546230674617,-2.517075110482543,-0.8516187655378589,-2.2804415367390187,0.039528946075059586
7.003149214573009,-2.3620678623930655,-2.9523801565081205,-2.397845751489843,-1.8844127847262417
7.731620196243418,-1.760526579564165,-1.5267570117456641,-1.3484115714061227,1.656498995961224
11.55850533733146,4.30393977214109,0.34822416608431583,-0.23159143645766034,-0.019941718470282522
8.516423589827623,4.249501595044748,-0.9763356479953086,-1.189160202067902,-2.3214331139114055
-6.104486193560384,-0.5729904161056909,-3.838993707909048,-1.3407972734070088,-1.09172839372363
6.600190690726485,3.6200415860663813,1.3042633914144597,-1.0699006105579607,-1.5052659650820621
3.4194001262301517,-0.3133309510446243,0.12212020516839132,1.4167240183861431,1.113174733952667
1.2430727038990255,-2.442705633771666,1.5679978273058235,0.6622254643229211,2.989951154139117
-6.438595751055176,0.39754019632068316,-2.967972503693505,-1.63306662716689,-2.0471381761099607
6.556561901051235,2.0546980476833556,-2.4614508989730384,-0.42206453088003315,1.1365807262908285
3.6710154835060176,1.4557125421028052,-0.08681213809694904,1.4293779607648078,0.20492053191907544
4.746764829210706,1.204957439146481,-4.174840399318696,-2.394399365212766,-1.670775371035238
-10.282426978635288,-0.5457289092542911,-1.431579248349788,-0.4536569524069196,-0.5998577501128787
-4.5329831697784995,0.004389188885858975,0.5936111323136934,-2.55352172271429,0.1404077855915471
0.5198461132264782,-2.723973515301915,-3.7973325259237516,-4.006361260120498,-0.7690562047002512
0.022994795910946053,-0.02655515309514414,-2.59989890328117,-4.312127574499821,0.0032621266421565404
-1.668763665001528,-0.14203752041624107,1.7982168998371644,-1.5331883279096625,-1.1526816959720279
0.47265240082691556,6.208572554846165,-5.120244399117832,-1.310660838400485,-3.2541140331815663
9.993520383363018,1.356091970449291,-2.444191372957786,-0.9299711974840922,0.21045145514324
3.247285936568031,1.9476653677990545,-1.272274276662419,0.6222835210324004,1.684090931102788
5.777135341717428,-0.6667537281694028,2.0092847291341607,-0.3403413063395693,-2.814836781046611
2.4972975179025356,2.2964115108811916,-2.9737035042074833,1.1175205581747523,-0.9529441382305643
8.061380828087833,4.089928468937728,-2.9535990531125207,-1.478611112533396,-2.6285097617070483
8.0302029652721,-2.7553619662070727,-1.1360086511064689,-1.3705311101554434,0.23770100495838006
-5.1754013703864805,1.2980979321192911,4.86763470957892,-0.6701123646329957,-0.4233324109102023
5.624939460971348,-4.633477139990015,-1.8776732033391519,-2.9740845838128322,-1.5843194851004205
9.570265941772846,-1.515980659708442,-1.2340041761686096,-1.3544195597732411,-2.2945055489555433
-7.940043134210756,0.0769775852059551,2.118356489645325,-0.89631865411159,0.21265512682237805
-7.2360826965350995,-1.9354162112933893,2.0087080818139973,-0.46194048588892694,-0.45408254580296264
-3.27365413050357,-2.0971956007827135,-3.8219466120252794,9.451188511536314,-7.671217574617725
-6.663022258170136,-0.24220365313024592,-2.1151775535645285,-0.9100318843024927,-1.7785537009685413
-2.4821457888308682,7.683473739205409,-0.7557865842893925,4.639016384980612,4.672581283886923
-6.57451417374443,-2.507841437761583,-2.3603574327579735,-0.13804140521744965,-1.027813796151837
-4.9960362854631875,2.2072111312145206,-3.3512820850642666,-2.061114566592324,-0.6736365778812787
-6.423534959253012,2.763734476855316,-3.448397126348188,-2.936852314239048,-0.9327755151831228
-7.033265407649445,6.347857247741671,-1.1305000069086264,-1.3454548338280132,-1.3510702386806512
-5.455212761803939,2.038989296173814,6.911804388104548,0.672467748656807,0.24339476958130474
-9.7484347717947,-0.18315257650586292,0.2595373485185403,-0.9133850414987933,0.04192286912485006
-7.326873662239003,4.3747960717475465,-2.5214372948610353,-2.861910338125804,-1.91018570654115
-1.689656458482535,1.215459435582031,4.058852429458496,0.14975005711893943,-0.8718891639818354
5.0817404738952,4.672897336839034,1.5785836386534378,-0.7599956390374607,-2.818472249215311
-2.6489958708148023,-0.22518944609249283,-0.9054215663503883,-0.3077503633059374,-1.1158329064787762
-6.6272386460198325,2.2497923750962143,0.23596846432618682,-2.2117294976041024,-0.22369025978843984
2.080358339818925,-4.747133630800801,4.134370523167587,0.0663487496661042,2.2392306191274103
-1.7786156557728543,-4.323557964618363,5.698966673497001,-0.7056036045113029,0.04704365002406213
4.051137092515933,0.45840569835989725,-0.11058910915793094,-1.1524335282570317,-1.3089021932632823
3.2591313143225595,-0.27810335156023247,2.8990129663478523,2.0151859294674206,3.7453463378954597
3.7519431248424917,-0.343063079202912,1.9252417712486836,-1.9862065028765605,-0.13883820856667253
9.8616637141944,1.8900776026895305,0.3589535168964608,-1.5415772673926775,-1.8245773570305135
-1.7709800486368374,-6.607017913779536,1.2887313709405621,3.5978655213287443,-1.3105100784467902
4.086623552126072,2.273376171109125,-1.0026404048560604,-0.8344041613797037,-0.8246063451661523
-2.5860770098341725,3.9024460754649217,-0.6725744450103724,-1.4509179341690905,-0.8468000423273837
-0.7871831827812298,-2.81078035047537,-1.3742855567533807,4.308591814451937,1.5357826471408957
10.285977587651633,3.7180156473378565,0.5602959957518138,0.6654090537655812,0.21472536965159883
7.981246583016187,0.9360044142281322,1.5966055644273676,0.9390994467883094,0.7071173153496225
7.787146638419905,0.11998879892346263,-0.8152845826950358,2.0057193644200355,-3.1900406679550994
-6.606731509877675,-1.2314945017431893,6.839015628449145,0.9356456669269817,-0.5527962307036721
-1.954516687123061,1.86329822378492,-0.050199794341865014,-2.1555604088406994,-2.0953604014409057
0.5179557311953186,1.5159499718887472,-2.004675833169674,-0.6381343204365404,0.07873586461758511
2.665626866806588,-2.043319881894653,2.594669811603971,-3.1720784242440407,-2.224953717647303
-0.85279731806755,-2.991772601648308,-0.8556754766136302,-1.8516457183020265,-1.264685293848161
-1.2059265599735705,0.7126993636719553,1.0502766767961913,1.0456866073394295,-0.285388076647828
5.69632209951645,-4.640731507318949,1.6834955438165453,-3.4341491384334515,-2.2675316445636504
2.557957879362571,-3.8460382516370313,2.9642920751143333,0.9362901952918369,0.6782814505789445
-5.927947030038371,0.821261598527421,5.472210863511564,0.23146798240206443,-0.06059480066867461
-5.429533576813773,2.4855140979583257,4.682225450438957,0.421418308803133,0.038420444722885895
-0.11154121455077429,-4.688793921716464,-1.1332152595177587,-2.621395478207262,-0.27849615048413245
9.448623485033497,3.7831204789170254,1.0829074337830054,0.6278168318942159,-0.10667019205409681
-1.9933116352811302,-7.713883247355873,-3.895947076728554,16.248916278918447,-4.91086021714745
5.438758108110113,-0.10134146605480523,3.774551749942365,2.7508400848587926,2.375756700887574
2.3847624459656753,0.34647958376909754,1.286619746387865,-0.11266041694281431,0.775806479970331
1.1873682578760927,-2.5499306784839106,2.5577170839956564,-3.3750232727799,-1.5659651665712992
5.03842745281687,0.2110523992851241,2.6221831275727943,-0.744290422808951,-2.2361822093705617
-7.713801386915947,-0.04750748763133379,-1.107716218919377,0.9544229248178062,-0.6763439730709829
2.4449998313070425,-3.8906604055886165,-0.6874959420961665,0.29383667556113313,7.342431877692913
-7.834452820905681,-1.2416195912040429,2.6290799256045885,-0.5986159856534488,0.32430355784327636
-3.8487189357036256,1.3925328775650005,0.23493353463763636,6.211446010132655,11.301507232159235
-8.017199283998817,-2.1767813768157347,-1.9949430036213014,1.7081370221814545,-1.9262220087043975
-4.7932283735048795,-1.2274412871216194,3.76637269122779,0.2099418968099374,-0.8440035182011343
-3.3917327059004942,2.5689240356044376,-0.49259241757890443,0.8629054543939233,0.21764415435661735
-4.4855282573530415,0.6516398642881523,-3.095710096816357,0.7265238442508217,0.9023385431999328
8.195380109664887,-0.14231957442261559,-0.48072120334027363,0.5059889206613856,1.132212133088358
-6.185397531396622,-4.855725067637744,-4.466022045180129,-1.4740745086427098,4.044509816840948
-3.1557664099530376,5.6292159309251355,1.8128896419261222,-1.3225594915386591,-1.6478375153241676
-10.021842039133148,3.6657403484427764,0.08668719107259092,1.1961672760100563,0.18423808368620315
0.23479188698016956,-3.076625450397689,-5.687525174662908,-4.365695936857902,-1.5949003732383713
-7.740855932907916,3.0408703662388215,-2.6135116900007604,-1.9287597338156515,-1.6398068239796333
2.19121898042393,5.830136175333836,5.4049130244197565,0.4435842860158625,-1.9210901347836795
3.9935253156329704,3.2335999250756187,-5.00997885265036,0.25777573918606844,1.3768900865601992
9.473504814210811,-1.9004986540817472,-3.3406454532471646,-0.30380541947717754,0.6942143593294416
-5.962453835191813,3.2293620560526386,-0.8486067286816222,-0.8236322706142571,0.3197813068225478
6.497452512640472,-1.0209081533611435,-1.971755400760571,-2.315555610570613,-1.553783810085443
6.104546329731218,3.4637118109106733,-2.3180258062509234,1.7297924705122472,1.0305889158366057
1.3278588269621572,5.820301348069645,-5.558832577281236,3.4838427071302265,3.210589813826521
5.477890197474994,6.617498940713165,-2.1837604927529637,-0.11248940903396838,-1.5577740024422726
-0.7768988280637603,7.09350894864673,1.076660291596679,1.6386324768883649,-2.481537235407521
-3.1180933845762384,1.2171096426513088,-1.5689274924362868,0.31539373914952384,1.5181432269842312
6.643821065359975,-0.31928559831423853,-3.7947765829703974,-0.6945817313999901,-1.4040087295943386
7.517107102312502,-1.0817471143670214,-3.2836265160462084,-3.4015292634238152,-2.385555120130663
9.22886998491476,2.309533114299898,0.4281795052929448,0.9885804206269989,2.177416049934414
1.3800020194568459,-0.1366457943302125,5.3009307475594065,0.44188249834979804,-0.17214898264402184
6.569996019221483,-2.359369942564753,0.48326575104733305,-2.2749724408351844,-2.4335166990897266
10.088475333816117,-1.1040566852369262,-4.101152540872207,-1.1422836730179335,0.49273139789057113
-5.422898750884829,0.23733451614075554,0.9706942879744753,-1.1977229150978004,0.20242296683929462
-10.42464176339344,1.8206969551305006,-1.8213837761231408,-1.5517755316879867,-0.4633602620304635
-8.151187924120661,1.19714635273793,1.0082702769072305,-1.5122586788392063,-0.0008758561672582344
-10.53646580622795,1.6962080984518213,-1.692790856970831,-1.7939946350317508,-0.4635661666859331
5.831085637580346,4.5938909441889395,0.4405429252630784,1.6743912738978566,2.177464452038674
-9.689047406199531,2.516159015833092,-1.6687429812110532,-1.6548102476138777,-0.5848054600293736
4.960394896434881,2.7813006187696105,4.781222052210971,-1.4143175317681513,-2.5376182381282644
-1.8152797892634198,0.6751102566613483,5.957343244255211,2.31962313580019,1.9141491710372467
-4.101212759411749,-3.337198032634156,-5.8150615559326,15.77784581439535,-3.4561823957048268
-6.4644685205059345,3.7469214202325145,-1.5436170568147556,-1.8146140365702992,-0.05130358858997339
-2.9088802558713347,-0.4101444723263508,-6.335027742585439,12.891662892113025,-5.005944560870337
-6.104701683290881,-5.042146953861696,-4.951757687020953,10.82901277575049,-8.11908167122392
-6.01324084909422,-2.9356347730939114,-2.4085364867237318,12.769081612607154,-8.232259191699715
-5.487623406873802,3.7235220802301314,-5.662672627127114,1.7780994764514626,1.5161119220054018
-2.6743465596820157,0.14165064180536233,0.40020369279867596,-0.8170148546275892,-0.9580510581327805
-7.337673795278979,-0.10425415405142466,5.692179281525421,-0.8918590590018884,0.2832130676981799
-8.064322894993863,-0.5909818319204405,5.528675301736705,-0.9556404297349073,-0.044061770519720544
-5.992173832946633,-2.3273785672109613,6.930992351101324,-1.1506125734860033,0.09358482977986239
-5.488700232456765,2.7195871787386445,-0.8039355156599407,0.5683237513103693,0.973672264573544
0.8496000552859762,3.768231794684335,-2.2654091433035712,0.9219251777621239,2.7071375295568725
4.966372726202414,1.6199170429450478,0.09975231897211245,-2.4539500320227834,-2.3210536878099313
-2.406611395703803,-6.288801718789238,3.782724865570332,0.20094645844459752,-1.2216905370741635
-7.501204422282039,1.8251422121424412,-1.6027969075298676,-1.6584560208252384,-0.8601168744478729
6.948113448098782,2.8799195235423687,-0.36046317978982534,1.1327917699382672,-0.5779937633290622
9.152062384855807,0.8103131541872046,1.095966458433802,1.683056349773086,-0.4395903996047653
-3.424790878427125,-0.6433088313492002,-2.5838962887540755,-0.733541013239151,-2.240710002395608
6.122807267253987,-3.4447124574452648,-0.6141965488867925,0.012783037365973,-0.989167360733466
-0.22794576896365687,-2.7417231538557316,4.677102732120768,0.3532698239615998,-1.3966325130315886
11.022106039282214,0.8729528505645052,-5.4797121022484925,-1.0936472798128043,-2.816640517138804
10.082125590936208,-1.5043837505910092,0.4081484421213525,3.7015687124240664,-7.1843600714813975
2.4190711478729545,1.7951545917390426,1.38276077351368,4.072855428608167,2.6385258472051722
2.724091880668097,-3.7024501416294426,4.140906825402377,-0.9153244634867552,-1.6742080900090939
7.857039140416401,0.13272688593703422,-2.925975938092263,-1.1032281753286126,-1.792527863070014
-4.636819026486646,1.710059837022207,-1.2517360656177539,-1.5812398688941143,-0.7195330093480022
2.0240757648128618,-0.6599551588340767,4.51915100892461,-1.3054095836040582,-2.3050982677230896
2.6290082358139157,0.21180706963372134,4.693965679412758,3.338669819573254,3.2332540921062876
3.7073257156726385,0.5397018465794358,0.9852543459578549,-1.1354450490839718,-1.1043780410892028
1.068282086176674,-5.652738245330154,-1.738458224671762,-0.9685271071761494,0.9324046273203269
5.38354999615066,-1.7883321879469416,-4.036293678341822,-1.8558230341911,-1.4326962493967708
-0.20881695400430142,-1.0493613952058158,-5.417795057518439,0.00030795019145652325,-0.2140424412020601
0.4143836018012152,-10.430504211696388,1.3560476602999667,-1.7178623097710646,1.6733991105987944
-2.6895047635020597,5.1717024847898285,3.7858643809950454,0.7760751098073365,-0.5643999820866082
1.987503188426137,5.439183812824887,-0.9653078980741949,-0.5341428553636925,-3.227810542807807
0.5422391528043911,-5.845074052501691,-0.0357097315012042,-0.5220255635995925,1.5450734541059454
-7.259910281380525,0.9735636958508497,3.9609821488629846,2.3561717045860564,-0.5521954457384713
5.696260391813762,4.534780327966125,-2.2423900629562987,-0.18536206158612575,-1.1251946316121335
2.567346718365918,3.163267927858458,1.7273664745102537,3.4586286065483343,4.437078125294119
8.751443840035478,-0.24896472058026708,-4.215632957639436,1.1590774838607896,0.632452656562683
-1.1930008508377339,-4.472344712315179,-1.3472526737408956,-2.9042490455877545,-0.8578870932214157
3.68778592497186,1.4198169959498264,-4.317881531905502,0.860437794120012,1.6672516669548965
7.872201431307471,-1.676913409169284,-1.946841500232276,-0.7494448927609721,-0.920587542465453
0.5250976563836016,-1.1565540311932505,4.0454872827168105,0.4663505884900128,-0.7945255191621834
11.062684756514017,-2.5938847388718163,-1.9597402729320932,2.122714405752277,3.8398616811214916
0.003339957032374049,-4.121477955648869,3.7581266483036218,2.1267384807596357,3.997882116373987
4.028050996337152,-0.06264235098117768,4.494477760893086,-0.43576336341140914,-1.4711920661260036
-3.2555698754028644,3.5281027612686464,-6.267969334945407,5.055622019546915,7.996459146313384
-7.016563111329651,-0.8903650663261412,-0.8132789842648919,-0.5442647926475124,-0.3269378147437955
6.6754808725278405,1.5784346334554902,1.9014076153498043,0.5767693698863267,-0.45108532740829116
-1.4609583109875512,0.7119004689357339,2.5610280227985247,1.143398747270335,1.8493988921425486
1.593192927102746,-4.094486163748213,2.3321278912273242,-0.42083792363380085,1.6767685053501662
-2.6972918172497553,1.5820116549015644,-0.10526756857528603,2.7797967442951603,0.8644972984892296
1.4200488448838575,1.1577675419398037,0.3448878231218531,2.8440759167934435,3.4929811238149666
-4.653523646422171,0.6236216353794645,2.646601069595363,-1.413830931438408,0.28772530937188623
-2.183911973131089,3.1250646159299045,-0.17865131476054683,0.05612384581291683,1.7704353709799787
-2.2193794483214124,3.528693624630261,1.0248102985825955,2.4725252705189917,2.9308488126455656
5.693062926791813,4.705148264843606,1.391265317958571,2.2083660960969276,2.41074925030417
-4.265792631246585,0.8957579693090374,-3.7741802596087104,-0.899121964664575,-0.29918901599314096
-5.933655671806423,1.9973625457027464,2.071153326398839,1.082235874473523,3.6450961403315496
4.426967600719947,1.5517814943447654,2.054761158384182,2.4286159313235527,2.4811620937183494
-5.6616375872507385,-5.211229167230458,-2.696876449041866,17.74636375422588,-8.525892973071132
3.39592413383441,4.435738784410051,4.325662848111508,2.794134021578494,3.0382982205329534
-5.668206160802163,1.6262732643776796,3.445865341771085,-0.5126677703512094,0.13510162395478095
-3.4603580048274387,4.106653453295152,-1.1818856354683545,0.42037423443266825,1.2987910245597487
-2.1330597528568744,-3.153289009932334,3.027683646853903,-0.5788234130059876,-0.30382430922401515
0.38252908251246814,2.189068038520333,-0.39827595951677436,-0.9295200389026834,1.273934307617363
0.5917828961617956,-2.473825449672633,4.1237262421064536,-2.110538127847963,-2.2846507667027596
-5.7688134795067985,3.003150511521896,-2.3700461386477905,-2.4183804240646567,-2.1565118876918024
6.4129068859428875,-2.08623675601759,-3.631636203811003,-2.1911778254895737,-2.4605960718381383
2.431406522631604,-2.23665495815639,4.934067132497766,-1.5497544488636983,-1.819096489156111
0.01055281944649526,-5.847023893618537,4.714552341287363,-1.8075802175032165,-0.7506558518207074
-6.3306676464057645,1.3776498437563698,-2.034975392181298,-2.252753628749973,-0.5093208460028479
10.711320152009055,1.4734143893231628,-1.2329545523312109,0.1951812663576448,-1.0436204619080063
9.206948213862749,4.070790586902241,2.7319691787125193,1.6525102429971694,-0.9463285284509528
-6.142614866352048,2.2459414417987977,-2.0134862523382466,0.34703718923635096,0.4919082812396647
7.332984731476513,1.5054608142377992,0.01760645445636347,-2.3248944196664536,-3.624662753806963
12.231101194314128,-1.6319979409700638,-0.6571266725758178,0.45480484491847073,1.3207844455620614
9.57924886760497,1.916586710806647,1.1925694178765944,-0.8920893330347693,-3.5465855058368323
-0.9793810417587361,5.265527906740471,-5.895060555174494,-1.2510142194867164,-2.0649145033453475
-0.6884755620290994,1.902715828934383,1.6680298817708452,-0.515022833065874,-0.2265191581729213
-6.686775744803133,2.4616348717540855,0.716737881879529,-1.4374039229804347,-0.33651143720759485
-7.970872271497079,1.6964446859454805,1.6060580196831742,-1.8256251611774592,0.272890874528953
-7.586935014308204,-1.773559469857049,0.03506825582902314,-2.3922453747679717,0.4356677000455576
-2.3245056241546966,6.001071295595447,-2.05569435736795,-0.36824648582232933,0.746612845321864
-6.053719034037448,1.9463949863629275,-0.9458165625425162,-3.2232439663237895,-1.0529072033217524
-7.250022474114077,2.307911008648473,0.3736367625487368,-0.9976862518577567,0.5152348089211471
-6.527581713168537,1.2595953201116477,1.7079112155773393,-1.8424187602066744,0.15671620536113307
1.9405458864355323,-3.3631265279783276,-3.021748797768621,-2.9589183408604436,-0.7545727327782595
-8.088723801779453,2.6700335232748063,-1.567644002635265,-2.1003571576058895,-0.14598492250411943
-5.126175313130666,2.3492177976057227,0.5588124342241382,-2.379950877387467,0.40003119482919836
-2.7338243543881817,-5.439550993479022,-1.6150500662662353,-3.0611274728157762,-0.19456865551657837
-2.1169865320418157,2.44619888242369,5.157665946706671,-0.7431858023536535,-1.4900155092413236
0.43389097303298446,-0.1897181743747169,0.7823674710126494,-0.518441327645272,0.9448358637628007
-8.080725407597958,-0.029816150827316312,3.4590183106305594,0.16920339291681138,-0.2325367581991804
-0.9207507531470879,2.993215194685774,1.8397691652355075,0.6133677715169141,3.0863522399079413
-1.2137148700565663,2.468374141194582,2.0472618374141933,-0.8479710935909619,-1.0514895803714626
-0.9675804554576618,-3.015091017561274,-0.766864973229454,-0.8169247378105295,-1.0634086675357886
-9.813660753138226,0.15559939914666718,-2.222843332613757,2.037402421370073,5.5722261746370965
-7.14319509159834,-2.746582424016024,-2.024776412243425,0.14572099347359158,0.615642410738564
-5.143455672509338,7.11570676560047,-3.970138330931,-0.823385084548956,-0.1037050931106457
-5.072684691983263,-3.4741885497358327,-1.6711623498233381,6.65692083187736,-4.832742421971841
-2.912853460563471,-0.8662700354700403,-2.62124470054209,2.642259542590027,3.4232575079686383
-10.329540103630585,2.1421392387539027,-2.208798225638592,-1.364328193539696,0.3922293441109697
3.46625177568841,4.571772306413033,2.350924251090263,0.49624701677036537,0.7701841736304913
5.150105753582057,2.507164174158218,0.20254243054168308,-0.17173434073116883,0.11318772876756136
-0.9939974744250153,-1.970366977830167,-1.0876300989344165,-2.5499151134434013,-1.5372217039424574
-0.23121664983965468,-5.413312261852922,-6.70887493868405,0.1395303005359246,2.311359480159507
6.631474569552801,-4.570002887157636,0.7422243822367728,0.9550374324859258,5.4377350400283495
4.796812079223216,2.2843506373561944,3.605778960755858,0.7547165924664634,-1.5117903353378592
-2.465902675076605,-2.8923930128924966,-2.0024116856324663,-1.4114138489134582,-1.5691657991429973
2.206105512014383,0.470360083940478,1.2630334358772985,-0.092602935581347,-0.4468377901565003
6.7922228136852905,-4.437986425050961,0.7113554404642122,1.4025767984525503,2.7550603599694123
3.9852246882224978,2.1689671996642548,3.7400446054987087,-0.3499582334068165,-0.2663845089188306
6.844334546679046,-1.4994656500533892,-2.3851920532700293,0.6425901380058051,1.9518667112142731
5.361525892944392,-0.7472591095256456,-4.0290670380819344,0.2091295870507424,0.3506014738201511
-0.7133623576505553,1.9675894230462616,2.3368096176264523,-0.049984818729934787,-1.5309487167242932
5.482106956679824,-0.9116726380199399,-0.27735199441632724,-2.077806170421532,-2.667889781096627
-0.27114438384558553,0.27309533960963844,3.1653814301251693,1.1809444397265991,3.4781728350486247
-1.623055251552207,2.610719143438063,-1.384967092503063,4.710468089373608,7.094909828333172
-0.9312475700556619,5.563058198135082,-2.408092434242005,-0.491947207374448,-3.1082075172405825
-3.048904097413487,-1.1601917311740195,0.695802806356098,6.603146133386275,2.4201881657890243
9.227794618807605,4.548756145064816,-2.21517408039038,3.1617769331556795,5.101359750343687
-0.29224169126025523,4.413309982755281,2.6398515392015427,0.4983485921614242,0.9791902961482417
-8.393215373431337,3.4915959232397746,-2.7014427732335813,-1.5787280100687044,0.6539988530878951
-10.50192942179365,2.163221244923008,-1.8553680091623819,-2.043981632584069,-0.6046352748688002
-4.260383597862294,1.7995345736495394,-2.4901832005659426,-1.7744419114140615,0.6926363753643883
-5.9304218642797535,5.28830503145027,2.3547593495294064,-0.07856112568511875,0.653524101053423
-0.8882024034412674,2.838787254490146,-2.9540762363472437,-1.9971066541071245,-2.4773379833560285
-4.885089002102122,4.046485851875828,-1.4504520818678004,-0.7920763421212964,-0.036385509740109366
4.570431826329259,-5.020796374080696,-1.9776067618644775,1.415350006152566,-0.6236624313060541
-3.983346449348489,0.9381760258101876,5.136146353876643,-0.15022449619140638,2.813670189840825
1.6639381218775717,3.3726643818915885,-3.2658122977761295,-1.7901068658536752,-1.1633873235652288
7.45704673085779,-4.206301400799155,-3.6220141795918575,-3.825171408143767,-0.9181624344079203
-8.90912802046394,1.5878581621332073,-3.050021236405786,0.6321211651517191,2.1330186557181614
-6.7407038748560755,2.9247441745199767,-2.4677093911241537,-2.044988920842611,-1.274914162339507
-6.555862568610864,5.057003593132992,-4.448987426747083,2.037157534051586,2.830899699500027
-2.932982727964803,-1.226165513320966,2.1468751373177937,0.2884883712599654,-2.1626766796301546
-7.557318841749337,4.021300290965079,1.237598447301358,-0.6490551951628749,0.016400020861411367
-2.375371725570941,-6.440489285492519,-1.9885002860651646,-0.3201823214404349,2.734849448953283
-6.811088598858511,0.3196905018891658,-1.5468168915800558,12.606775422132928,-6.432076588298894
0.3276354547984006,-0.06136559951924919,4.561951142214414,0.29715487379629807,-1.181406455029771
4.144881225065559,1.594097071127895,2.5970965684865956,1.276218286355448,0.43360785891641984
-0.6241168644068078,-9.08225996841827,-5.9939643961359765,1.3082752763500756,6.086982789179323
-2.142664163729766,1.770276426512668,5.547609783880771,0.22627309250623853,-0.7504586251950258
3.956111735214337,-5.032104118899086,-3.2048365728476615,-5.410743789098221,-2.252988832517201
2.0885007428558016,-0.9508954020055014,6.209738089634794,1.8267779744441275,2.829135029367302
2.3182140332433554,-2.9123234075347106,-4.014145153922872,-3.690513909171649,-2.1819259879963155
5.890742008011077,1.7516660008345546,-2.0161694654006825,-1.8039796801975159,-1.083189820711245
4.717714046565968,-4.023021878808668,-1.7083278979611076,-1.5565605057864127,1.7917634501633026
7.339996883233104,1.3008170664039729,-1.352091039896117,-0.2974868743163335,-0.14673785884977486
4.004996144090654,-6.609162390702144,-6.991256045215133,-2.087743861150628,3.6081025807095655
8.13103809116216,2.3225997068512063,-1.0484107052369143,0.4019713100592374,-0.1326374589093536
0.8290704440691448,0.4640712928368783,-4.850167972799406,0.5852498522638478,-0.6351050326528874
8.176212227842223,-2.14495185590486,-1.4642054832314735,0.8472763510775421,4.534597145133037
6.824448066618905,0.1757263952078402,2.914879534492659,0.10234060505043403,-0.5319943395333372
10.941010700177008,2.2651660816727213,1.041077662649314,-1.0902858145294514,-3.1708365261896794
1.6496477517009092,-1.827852598733872,-3.445087093769222,2.9189252902551295,6.684394118798489
7.25537871643358,-5.7924664941982185,-6.131928060855665,2.0127196065143824,6.613990596399832
10.093663939847573,0.9146516813516518,1.156306871658042,0.6849948258972733,-1.639769293195937
6.960503682775142,-1.9765122392028438,1.6268847719329496,4.1482837604803615,6.640560653911824
13.160650548515173,-2.5322846744426273,-1.0572703808893107,-1.9213932978824124,-2.7703627478501187
-0.5398824893353413,0.6798802737385758,-1.0143723592134695,-1.2023016330971432,1.9595089231232237
10.331565890753305,-0.5525020759303296,1.0099265769639725,1.717479097333551,3.073136745102053
7.095889293453059,0.6216429769295285,2.267746552145151,-2.2576299370699187,-3.093944338828734
-3.522715566307527,3.9951787708165223,0.848438942128305,2.6865206972528233,5.670661705841381
3.0720389032356232,0.48062584010201453,4.7887299690892595,-0.5928236824328202,-1.9033741237531345
6.767042510960911,5.296584999797368,-1.204283577232029,-0.5790387594043327,-1.0546156735672305
-1.9068200067018934,0.0032350962286791596,2.4476337383393485,-1.328554221700284,-0.8449464294180588
6.325625222582013,0.013248854892799866,2.181848548984979,-1.3361357713532087,-2.0376732066750574
6.0539820301019915,1.500929254179501,0.7587736019942343,-0.09099450324554294,1.3787383642203503
-4.615515221095584,0.9731906841260375,1.691434080967603,0.24037476543356032,1.0166038229241696
-2.473238535207019,-4.142767200943334,3.5159054409076633,-0.7917050142253661,-0.3543764636125887
-2.769204825301962,2.421215970517418,-2.667273145166211,0.3383866255265028,-0.8450378543441698
7.31756598620323,0.8687449138808324,-0.287624744332884,-1.7542286821522985,-2.0479908879422166
1.5418137115244106,3.6271603687920786,4.676745425691137,-0.5458173950039983,-1.9630703503194067
-4.860217160102349,0.9954734659370441,5.083176221221248,-0.38589105790459416,-0.3440959992844814
7.100570431586965,2.2647231166506363,-1.0281179121679371,-0.711008875484699,0.22828244145517362
2.1321676124902327,2.7631014787791357,0.9838813777186035,-1.9864034072248662,-1.9600295640285659
-9.130398877163662,3.26813143464702,-2.3502734657607323,-2.116974458368694,-1.0112598930050751
0.27666850984337155,0.2610100619200569,0.22176016588121145,-0.31596888840538123,1.021643056042342
0.5216894545618164,2.1981022104256835,2.901354591546798,2.077104395197411,4.9661410033151645
2.5898700034779125,6.946292467380741,-5.31200878752808,2.0261390571884768,1.356250093671883
4.925516411355538,1.9920098097589418,2.12618119368381,2.5118776041335966,2.9168199884816346
4.061038342386269,3.654814971560308,-0.9942108723499047,0.22697701545168245,-0.20559493334312737
-4.459619898287622,-0.6240292352414073,4.312707738913239,1.919893387767964,0.8889925009152593
-6.144777329325762,3.2350563106945365,-2.512197412649857,-0.4437986970185278,-0.9176930754594674
-7.006253694847966,4.523383465722149,-2.711919518378127,-3.1975858152231824,-1.8290516446741525
2.680388402479633,2.2734043494564453,3.003389970665071,-1.9431730445786564,-2.5778202406743222
-3.9401551302403197,3.2045322750874967,-5.865570771637658,-1.3146665400583333,-1.0191207457782845
5.443626497662416,1.2088667684689303,-1.094637052813353,-1.652597861784779,-2.4523131034193724
5.4159161301361,0.6475035623496941,0.1718265867436166,1.326775925330079,3.282162358048494
1.7650064979235904,-1.903177673776758,-0.26130956514640913,3.77866092867996,3.97658191471296
6.512196598408555,4.096005504221283,-0.600819690254918,2.2028925124990395,1.394154586144894
-4.746579545516816,3.1366196843142617,2.1534418866178653,-2.900958138322093,-0.1444652276610808
-7.152583013236543,3.527888983986508,-3.112549067487462,-1.8928107520916888,-0.3461555166038148
5.6513589881405695,6.0908909447231885,0.7244502280590989,-0.3483961280840441,-0.7693058233214645
10.960889420975143,6.514209700928586,0.1548669244185379,1.9097107738331571,2.1459054392261483
3.5696643509619905,3.0517941675119693,2.280414607078943,-0.005670918069808275,-0.4262465292602994
2.0510016997731473,1.2637346177529554,3.0307349975909963,-0.5991273129083043,-0.07323247873640922
-1.6308761420626217,5.307705320352523,-5.039672103585447,-0.6807986146351576,-1.8416051704609175
-1.8515215200734803,-2.3315443502145428,-0.9602795088405282,-2.3709294836684474,-0.5310586901929272
2.3021445461310304,-4.4120913378339734,2.6337497970294557,-0.8821691310566638,-1.0578760951527004
-4.731788399059115,-4.71171109917676,0.05246345113993999,-1.731010291077681,-0.1986557166241736
8.254740181714853,-4.14003912754843,-1.937643061791168,-0.4578223219459038,-0.23041690174253276
7.960812876276873,-6.052876855171347,-2.6653668780480366,-0.5371395736414669,1.224588884177212
-6.212786171210907,-6.883833958935062,-2.9655133711598287,-1.5478466200189847,-0.9668521879196201
10.949274296377919,-3.7676966660772617,-3.1948971686055065,0.8172302968886863,2.4426905215276293
-4.1189755996791755,-0.004248312676603056,1.8402000465962471,1.0414842797374673,2.276288489016023
-10.206899482498859,1.0525818239855012,-1.7718979960062273,-0.010577012193188025,-0.7297566429931105
-1.3928204735804106,1.5596875547295204,1.4882690416170359,-0.8828434631351636,-1.311982508150414
0.2390659110356092,-0.09596472733538143,4.2555505171652355,-0.8362480302472588,-0.8203333415996171
7.804289028260279,2.654007481058565,0.7693859337465686,0.9233334122740794,0.5404379332701027
3.1744523428984857,-4.652027047762088,-1.8502514609275926,6.178656186943903,-0.4126135952873995
2.1968969722278153,2.619017026906638,0.8136925565242444,-1.2044789068101134,-1.8663654871541329
3.281796309721276,-2.8114372395675438,0.9376757756440972,0.23173960516262748,0.9137855868777283
-0.21919305540623563,1.4781256233724176,0.09926632516006358,-2.144304294562174,-2.3282302009252267
1.3776535168778705,5.221822423455131,4.938874413112786,0.620894182560156,0.400313460734893
8.19796954781374,2.446189841568888,-0.20073613622770806,-0.7594557301696679,-2.0772201004700768
-7.371374839191201,4.567658248225722,-2.6256540454817103,-3.003333419038555,-1.841751385714548
-4.8616396714549435,-4.5153472087070545,-5.061530303944087,-0.9946896669554358,-0.3489755501993895
5.941651819455867,3.363737149911883,1.8974399260448969,-2.0683175075701783,-1.9560168311814516
-7.578550496400104,-0.2644424363176452,1.9401659376251545,0.2669501746658898,-1.1741980967698231
3.199029226325048,1.189769178061783,0.4405273661258265,-1.5224637498748539,-2.1551521639187823
4.753182087671211,3.196185401116287,2.2499480023134084,-2.241514610081624,-2.791820063808474
7.487242964230188,3.04300262599878,2.5118943513458643,-1.7909884527763242,-2.7142767863811152
-4.567834046889496,2.6935233932852727,-2.9604524692661576,0.6309921441710794,0.5210176726935173
-1.1610521749654292,3.287397624124971,-3.773011534188132,-1.551637547872414,-0.9577816991890388
6.948365910008019,5.835384875227043,1.9828891912522058,0.2515709970952719,-0.4743374601481556
-0.7688286143159817,-1.1492081935914298,4.672360586977194,2.9958479378566407,-0.042881607961420376
8.213323767215897,3.541597386758392,-0.32062169250841166,-1.7235633704670812,-2.6044257236628314
-0.6426707867667462,-6.5052468489360535,-6.413304240061511,-1.4736142232058902,5.405769425064735
2.3600065398291714,-0.15167403261756213,-0.7678406544355609,-0.12469305848427183,-3.1456946657079334
-3.176085845139893,2.1629996125847453,-3.820789170284777,-1.3363342501576179,-1.3766908132034252
-8.444968810592268,0.38897155239264203,1.220985592259932,-1.6056341262856828,0.34102607646266436
1.713580625771653,-1.8590432165526107,-1.2889585666743029,1.3321395893660706,4.7883820027892465
5.608231106014749,-0.18609811625764358,2.098514350395391,-2.191794942790961,-2.5528761060489633
-1.209861702519919,0.2751438217387567,4.869120186256439,1.3257585677189103,2.168233209262463
2.6332138242742835,-1.8328465822671267,-6.091677903066005,-2.301462227305633,-2.8956444386778633
2.623162871086021,-4.34570356102165,2.806528293647709,-1.5432822761992173,-1.6062892864906508
-5.745655490659786,2.1614828955852565,1.0487692459110076,-0.7935529489738627,1.256428541250284
-0.2739870968699644,2.8201967634360128,0.2744663753984523,0.5694487329425267,2.488866113830072
-5.672725848936281,-4.888147158090574,0.41564905484056397,-3.4616015325264025,0.14309396188660922
4.730057369320532,1.1731070898520808,-0.6061146875908009,-0.13085796071602881,-0.03588837670352495
0.3702796780388843,1.7116157802695195,-1.0188364947621338,-2.1049808143004256,-0.701643583040547
0.4324089014322233,-7.624800757046381,0.8683953361831174,-1.2624079931840524,3.4344703609093465
-2.5573546103579536,1.5963646808654535,5.125337802196659,-0.9507681185553692,-0.5354214062439383
-6.139128784168936,-4.381961896247386,-0.8467789917676242,-1.2437055293467791,0.4378697179105273
-6.119811790134599,2.3615545207833977,-0.5358669390715652,2.1708976586664193,-0.11668304985355542
-9.316519064068409,-3.528604699975104,-3.767636018518601,15.156601817263892,-10.556310091394943
-3.563547845635082,0.7651549233837053,1.51043124680784,2.562527434356615,4.906571003867933
4.44630593917085,-0.3513696245885074,2.2425703826678336,-0.5559873389130512,2.0782834146877507
4.542712957346459,2.641327171354797,6.497544304177379,-0.8039420058186069,-2.6858054337499007
-1.8972234894017876,1.2650557258119945,-1.4669617819905325,-1.336052046766939,-2.070637116892242
2.3970551733848944,-8.296302946123706,-0.4365137360432156,-0.888093596525984,1.5304874181676302
-2.3074070104083555,-0.21846584198597283,4.531029079918883,2.135312155161879,5.688580841819985
-3.748158841902105,-1.6707918726690694,6.455285541102741,1.811542776424789,-0.8014497938711944
-2.4444497823750804,-4.423230567308189,5.4665553888148155,2.3526785315775527,4.696361501721374
-2.5590825937752633,-1.8168109363402642,-2.308307052491762,1.0892059438442636,4.054218994747284
13.108553455856086,-1.642125590394357,1.7566322794896119,1.143992259418715,0.6877003239676099
4.966822464943502,1.788335207441511,2.2996260037868375,-1.1091561140422028,-2.2638676983014108
3.6448541859778834,0.12277425046434312,-2.702743832409553,-0.3424227217411164,-0.1363520851049383
8.243497557991791,1.5194712858925639,2.0067463361300875,0.5898393310531628,-1.466600614098814
13.72797469681768,1.8531594078749873,-0.5042619133069773,1.3098405755941651,0.8334769604516222
-0.5357557739912528,3.9231420043171794,-2.112494381773435,-1.5536558812102188,-3.4258589267914465
-8.021441678442754,3.3508135062822624,-1.2141075517595994,-0.5593668158411714,0.29281259211705424
-0.5574163347803752,-2.822294674142575,0.9827521883386854,2.5245309596989007,5.358458166964268
-10.403615586727788,0.9798374616128197,-0.7023961080041077,-1.6503400418894134,-0.14821715707151806
4.897908858807212,2.8368720652632438,-4.017712561826186,0.3655551724693813,1.7017732095520344
-5.016752293094886,-2.761187317314007,1.378553306864757,-2.7391960196428244,-0.016066294027321074
-8.635865589620817,-0.502053305602701,-1.5081779139553986,-0.05510756508491643,-0.9415766495471324
-4.988671392315705,-1.7716366803478656,1.614562058218621,1.2518739072105987,0.8305918830737795
-7.352997723239018,-0.38669994858274725,2.2820461010741813,-1.2958936245270423,0.6305956249376907
-0.39962411124493546,-1.6880638086992608,0.3382678802566652,-1.8836811078251054,-0.5353135904952561
8.323867769930203,-2.964373853347133,1.39031640033177,1.048239411691799,1.4220835687926145
8.215543797835508,-1.3268220453704358,-1.962988356871374,1.2858857296141124,2.7165816873627318
-0.635467263959934,3.567400602914586,-3.2560656736194638,-0.3140361486479279,1.4929303455009149
14.485080396190385,3.94930150296977,-4.574449766230858,1.306739027478887,1.8399737647238883
-5.063835896225705,1.2728621464268564,-3.7358117081933058,1.531593659845592,6.967499237493171
-8.076848383302258,1.769536790973962,-1.0712703036563695,-0.6646115685344093,0.2811239369579681
14.781009584272583,-1.6939603973936102,-2.564214804503783,0.34598681309857215,2.36055099613937
12.619986975584641,3.944707677062673,-0.4551480037345962,2.5216737280743695,0.35819389841093807
2.4380023580545784,2.0570620768554355,-3.1569410082643143,-0.8794567127448526,0.9571058594889849
5.5949642212693895,0.23163585768261466,0.3809919401970589,-1.3410855614961794,-2.3036700452718923
12.922618903207796,-0.5145335641434629,-0.06168650034662559,0.04635869529626448,0.4355874199424967
-2.918951424299989,-6.169486303979792,1.285905274264723,-3.0300789012446847,-0.669608233736697
1.4650009378356308,-1.1783188822824309,-4.450137617255554,-1.75042164909679,-0.2993990205573872
5.45257653009782,-6.019651025560647,-3.0525388546063033,-1.0972304075755788,4.458117529914579
-4.1153099832995235,-3.844192483411407,-6.023469774830943,-0.3790313415554994,0.7067443256957837
-5.266480508393789,3.9834858926571397,0.48767012024300566,0.7561868786237094,1.7657241804097716
-4.316457989786792,5.181138229731299,-4.767592732075061,-0.7907856244696279,-1.5688456432273519
-0.9971620820955847,-0.9321705937564931,-0.28082285253804523,-0.6776625109754616,0.6866916044349662
-6.77296787574314,-0.019334240901431814,5.554871065379529,0.8468845945450842,1.842799022339481
-5.3234766527302,-1.8560214498719039,-1.5802064296461604,2.4252868016200524,4.733695506710255
-6.796603821333803,1.487375795241103,-3.8363945970753646,2.875944242133713,1.3605665813126029
6.164631807340799,1.3404820318816277,1.6797356502691005,-1.7406104871377137,-2.7508273189614156
-2.589351282246606,0.6630629523280627,-2.355865471156794,-1.078519120695368,-1.113089713843141
0.18573878840950417,-3.256345874158972,0.6496178432426384,-2.7519853397555654,-1.182288651854541
-8.78845874355947,2.6896237383556922,-2.4061647934132697,-2.7328901610092005,-1.033726668253553
-9.729477528858697,0.6696790125057764,-2.012438877689165,-1.2283569057044301,-1.0439435558968106
-7.1389756981453685,5.354000767872589,4.224171526503106,0.16111585689990543,-1.3282991371882165
-5.518011585614516,2.0625506663561484,0.4136296981371586,1.37621186527628,4.415876305930485
1.6554917463860055,4.139749629019381,-0.37764584184287764,-0.591256744179874,-0.43837588961274093
7.300622558309584,-0.7463191693946004,1.7257692079093847,-0.5876559454182853,-1.5913345846190474
-1.939801268134047,2.6149688472858204,4.1042227746595,0.9218253570805686,2.0359724461297146
-3.169836417370614,-2.9242256352774008,2.2834902509651687,1.1963856952315557,-2.3765936805196164
-7.385633722620369,0.4655105799168035,-2.432709624946938,-0.8004388225640832,-0.9093052663561334
3.66729697260792,-0.9647453041764336,2.8553940034604217,-1.93181144851882,-1.0935993362783303
-0.9506797969056696,-1.7411195480104877,1.0704433905979804,-2.0906464487597303,-0.7714748586066464
-9.092854437307123,2.7487070894505483,-1.557044475751302,-1.9955180929944407,-0.5732657124863154
8.799217156222989,-4.023362521114142,-2.806111539862875,-3.218577769793528,-2.6002237467532407
1.278663573026456,-4.90257385008405,-6.650750338238636,-3.1095102434591597,-0.6743191536925249
4.423831663480065,1.4154299188238708,2.0622729157423723,1.6283716544848836,2.1360501207090614
-6.101379847194538,-5.093775106526882,0.46181352372567236,-1.4368651384456732,0.010603133184587776
6.189515118071203,0.5014699620614683,-2.012590163894934,-1.506710833334814,-1.8249339485399365
-5.664407461093335,-0.46483806481885753,4.332558715401485,-0.44320459371111565,-0.58240057915522
-8.738653596295514,0.9205885146527992,0.3941843478533166,0.712992376177161,-1.1154554380298123
-0.8635407130087287,-2.768337226749965,5.081496317721383,3.371610911648943,1.324380204096075
3.70231862155094,1.6742263877042585,1.1926093180247508,0.2903735946314345,0.37102785030601254
4.778086739265283,-4.1864720207580675,0.39829249031892416,1.2359773574213797,2.8515005721970628
-0.34702458464450653,4.710893238623336,-4.012514234798523,1.4352814361095767,0.22493788820284794
-0.8136317146095173,4.7366172166021565,-3.2085342419197627,1.7239203620585408,3.101554620763906
-1.2401253396274894,-0.35757260596985757,-0.2173954760559201,-1.0026694105270486,-0.03439350779146246
1.026226707252047,-1.096840989207007,-3.271730005801742,-1.8599798194402335,-2.374133171474474
0.4914449468598405,-1.5024380826162895,3.579063150185918,1.349785055464502,4.15607169708014
-0.2955586483758301,2.5314708322380857,4.059707121564422,-1.115937330477527,-2.012332014567154
-9.743714643005621,1.1385093826784127,-1.612468381895495,-1.048940509748252,-1.110626692337406
8.96077121588452,2.0783231234713426,-1.3461977916082097,1.8378876591160973,3.6437000984117778
-1.9178605609641721,-0.39928867183759986,3.7774161974100604,0.9139091279497437,-0.5358604625322372
-5.9530970480520455,4.52698285111195,0.012753187480132332,-0.6885178588167368,-0.668084830742943
2.38706754761577,5.323033877206264,-1.850407895741106,-0.014104773783940443,-0.4419163442269247
-9.009995298210686,-4.720524364238639,-3.144954556650271,-1.9119953892736126,-0.7292284767693963
-9.756480409912582,0.9976879325658855,-1.9467361801175134,-0.6985698764731879,-0.430966314343851
14.20813423693499,-1.5399963544932032,-1.5300301629131514,-1.0320110681694428,0.06725566454640595
5.879496964179716,-2.79711197689084,0.44246374338417843,-1.4988949321482266,-1.817593007414097
-0.25362086105056086,0.449153010672246,-0.673476968939376,-0.37378268224923317,-0.4802953299985861
4.406270270210805,4.635817653758778,1.1437634861632764,0.8410038188308956,-0.726323646113359
15.429153445644259,0.5464138591188217,-2.1227267385490007,1.6495198911421367,2.3383946676307907
1.7835723329383635,2.545776409050855,1.4393864360799173,-1.3914540824850967,-1.7714320957239578
6.377064376443558,0.9492309496278312,-0.07902403539157353,-1.6106056402315825,0.14689726115923626
5.045270275467558,-3.1415027200653185,0.6592237798748067,-0.49289469935996083,1.391875788060583
14.025809316800864,1.14399429491771,-0.1275444808470323,-0.797890805643907,-1.0593268693416396
-6.616445724711913,4.591153026653044,-3.9203177934134876,1.0577025358653744,0.7217783722326037
-0.16745860181676708,-0.9007105798062994,0.2838853373257634,0.18072418539395052,1.3957241639363138
-1.7802718097670127,6.308388684017203,-1.059732094006507,1.5975137699762914,0.7849286292750608
3.9346479336545257,-5.617162740277686,-6.819636915122364,-1.855014940272061,-2.039625728174058
-7.370483350322805,-1.7557116716090289,-2.0564405698333785,-2.847159081857439,-1.1085188987437082
-2.3298726407095014,-6.161505705068168,-5.919400893749695,-3.7121954552456353,0.4892719633936622
1.7147159185274488,2.491112141167395,-1.8016559743625005,-1.240119971508609,0.6422313213630865
-9.734956458295237,1.2580138301385766,-0.7618389133167379,-1.6698017993777825,0.1236364402035407
-10.437005059461422,1.3994073754639318,-1.6468038100819316,-1.2162881118157127,1.286615487054178
-5.351055539799471,-2.3482794818333574,-6.09820918605318,2.4663954370715837,9.513632507730692
-5.154907459813207,2.078956292603424,-5.428966172308247,4.989374368078641,7.901514563477405
-4.534859318949422,2.13121380388257,4.030597383153512,-1.71995798439973,-0.8209661316449949
-3.631197234525314,-5.359571853275943,-5.679414515568241,1.6927929730120197,9.006159696860555
-7.127836290601555,-0.12165615798361802,7.770358981513226,0.5510642139101889,-0.23042501629403406
-5.640058230473382,-7.135093193331457,-3.7037430487416088,-1.9335370732389752,-1.3102030592575824
-3.043402091205629,-1.9309341326804195,0.5641410849823117,0.6861038017927299,-0.20075624310356563
-0.7576598882051715,-5.07546228591917,3.1124144667935587,-1.0311990277861585,-1.7479632931613196
0.5584488605661089,-5.731532968248107,4.266007043953832,-0.9880012697458666,-0.8840238271835941
-1.9902434054592892,4.726756743301027,-5.4380585695021955,4.459879766776634,3.239368719842842
2.9368844947106805,4.113822571858455,-5.783033630609808,-0.9918258726558422,-3.1194928720639954
-10.157617940988533,1.8285871052888985,-1.9981013683251065,-0.7782592277581086,0.18489306220366553
3.1037913895917266,2.821045776489736,1.3721793636290807,0.7079129803776154,0.49676271935179606
1.0330629376016105,2.6449017934530383,3.7981252653294186,-1.3948989310911846,-1.4589031805407606
-1.8854276708857087,1.5034052994085085,3.985002368045558,3.747619204095209,5.7045700435892766
0.258756467268283,-5.593151307132074,2.383886208056318,-2.8178605485522343,-0.8387964005791143
-2.2572519039640695,2.062213357965753,0.26498893167792625,3.1043046965907544,5.96428303033463
-7.0724599868913405,-4.75061334118747,-3.0362009606713647,-0.746402430168389,-0.8055268339129893
3.544508692864893,1.7963658827495042,-2.572707916967169,6.583570652531824,-2.785497371755897
0.7404449666217416,2.6775048087277558,-0.8636760206960656,3.2180551813749023,5.199787242470432
-1.1422102572188755,0.3176380408461468,0.4348076621158699,4.025199807241063,0.13645710653733562
-3.4664740004817975,-2.6675171215057008,3.00479838973152,-0.6491311783811088,-0.10659031605059505
-7.01355370024592,3.134956504399196,4.342952422570389,0.46943623682235763,1.5382964859059889
-8.325757894621914,-1.8863230807889426,-2.573485303763003,-2.7654899224272147,-1.2319437821415202
-9.203895955562945,1.4424238917908494,0.7654518574777645,-1.583051772851879,-0.27075959549833145
-8.603296942753344,2.913495338328175,-2.591951373088216,0.22959204062217514,-0.434877251860088
-7.640540724859659,-1.7121244749889772,-1.764035101240405,1.6000816306244485,-1.850029685304286
-4.0406498489875915,-0.03528410711491112,-2.300388810268758,-1.055007737684335,0.19399842381286328
-2.861338388668471,0.09510286422143166,-0.98381173402749,-0.19112923349797725,-0.55833314822058
0.7255814092378096,2.4810310679550462,5.386998793970662,0.8025342199937681,-0.06253234013753846
-1.1233169948039643,-4.679078973715518,0.4337654884498218,-0.7585451973564177,-0.7559574703238245
1.449956306025093,-1.1154190405289806,-0.04094310636066648,-1.4506955975791889,-0.7852673548403041
-5.275941109342027,-3.272171377388702,1.4780165480822791,-1.5431831459158973,0.677911243845076
-1.257423475419747,4.4048393082940995,0.0667856272231692,-0.5958823017609751,-1.1993212195975527
-2.855561032122906,-2.8221278243991343,-2.290209236085604,1.1688749416638906,-1.2389123377030622
2.1601250697269982,-10.192671973224732,1.4950113183636808,-1.1218420860811222,1.8668985031227658
-1.9150235239570899,3.5097287934011447,3.2202327847514076,1.4403906974558476,2.1740124916468266
-4.174831438966732,-0.8454851019916572,-0.8593254511992214,-0.29773580088661294,-0.13175268962964404
3.9998347795580074,0.07207035368428391,5.102560564980198,1.285272106077375,0.18652248569737312
-4.100117872892244,-6.267142904040882,-2.603729998228066,1.7311134331528286,2.3270755551765716
3.5802183464297315,3.333683010907962,0.9245960609195925,-0.6109892227171136,-1.7285833531175905
-4.766607170405401,1.1395201351500606,1.3946601732650765,0.6804837310594347,2.7315653488122282
-2.300637003974483,-0.847453501881208,5.741757324580272,0.32917049183848157,0.20341615106591657
-6.792315803251908,2.238748277035286,2.295186156180535,-2.2433258778721608,0.24559853988028682
-9.27266733158925,3.496776369378945,-0.9781648294503674,2.2779947320503435,2.5754378569908236
-5.434746907436957,4.442020109360135,-3.8383133977809853,-0.4925475197407882,0.18794828537882205
-2.9447631595444497,2.7630903094690122,0.10603374536113469,-1.249452892194288,0.027504876928219957
5.406368702626914,1.1769381098038385,-3.0264072580475503,0.0028724146227209956,1.0858221040906213
1.1032128240866375,2.78392510508556,-2.839124945683304,-2.2832911528323883,-0.595001374101551
-7.61336557458929,-4.154238959568074,-2.9152970581516837,0.08701954067716881,0.5268707333622052
-5.148873268025108,3.761389922591884,0.056068774378009466,-1.298960390692176,-0.8238323204317384
4.552894612902392,3.3533002606158195,-2.1150708836008256,-1.7639075209961843,-2.6869897030399628
3.7644809249686246,1.205143129236816,-1.6009356548098894,3.696019047354493,5.649457319023355
4.285874941136774,2.7140298311697943,-3.0691859992089627,-2.552568050497637,-3.0255821843073907
-9.279135603459123,2.0335020241059047,-1.9116510827103204,-1.7343369992185587,-0.3617270135309737
5.13584187023977,-5.254920947104347,-3.516457830145011,-0.264548473827251,3.2773111612990014
-9.106277193823011,-3.7798995792741237,-2.955369847226407,-2.854739968878073,-0.826151388380279
-10.530359236374027,1.3159388279707205,-0.6229046275647039,-1.418935102001483,-0.4101287914093897
-7.532387431660571,4.304932394419315,-2.4833634387519794,-2.9898243847961403,-1.903278923871292
-10.18814255254569,1.3421020624844102,-1.980633894657838,-1.2955587715475583,-0.5982540352821127
-3.3914139958003506,-5.409802494580814,5.048031275479756,0.5318307434105943,-0.7759163484766461
8.275881090425731,-6.255491549554844,-0.1569325057845625,-2.349576904440258,-1.8459575034111855
-3.1021963182143932,3.307813432719243,-1.0362391354559786,-0.2391935067727463,1.3572401338792444
-7.912995168512635,1.6634292729341498,-2.6655845824710123,-2.536645924653811,-1.0567094616318378
3.2757379066188546,-0.8180378404716131,1.229188197976725,-1.3071508983741873,-0.9293472030924035
7.375753388368151,0.6655862575409058,-1.3965211045220567,4.60858286420083,-6.754739133314264
0.0094673882407812,4.255704083912729,0.8302070786110237,-2.022611156878093,-1.4363257195296646
8.66627875420472,2.5391860760620375,1.2310175699775971,0.30491071121973856,-1.3151099194498594
-0.008339816149225802,-1.3099803074967877,-0.8939464420083928,-3.390502143282765,-0.8685808169011919
11.696918896332946,0.6521313763146146,-0.052799685710077385,-1.0608579238745166,-1.2628161950442318
9.249949139930546,0.033429405174420494,-1.68941005217099,-2.0238649948497653,0.059630498021220266
6.379862738262126,0.5483542398554675,-0.7142775424508205,-0.37004312872432926,-0.22029002039963702
0.656517398917193,-0.9630623020345642,0.8095392985525849,-0.7947243774340125,-0.8709577382993863
3.3436165112775895,0.6544112694140631,-3.1767709880472434,0.4469232833640001,0.4095825108883351
-4.931106645080322,-0.6222693578688175,0.8838594812447176,-1.4015681833531435,-0.5981214942827855
-5.493598314851261,5.653205847937381,-4.8428242497513025,-0.1522944339414479,-0.7743013904653092
-0.24137931831177936,-2.708718430394646,-5.349662257039432,-1.272365620283508,-3.2364491302414904
1.411801444482977,3.0165738885463815,-1.0594384066706768,-1.1230102601077687,-2.296516507380365
3.2443958750661634,-3.3355856321065027,-2.248780687955624,1.4607572411974685,5.643745273513799
-1.2287768254143978,9.005776655540949,-0.4473449547191207,3.1214042664047166,4.799147861187336
1.0322664938580206,-1.9417654481792275,4.144155551417361,0.458954304180368,2.5050426023078716
-7.1971116137949,2.3035479234298,-1.721952741854426,-0.9110555974930669,-1.259926151586238
6.2232971476671075,8.550925051654623,-0.727310282047093,0.5684235667543842,0.25453220242580515
2.3139025808570244,-0.5320369671361813,1.5214642703590735,1.61931014419921,2.645491857056709
1.3124714361965037,-0.9724993556190454,-0.3104602947501486,-1.6094224894937,-1.1834174592603366
-5.416519001689115,-5.701469692311802,-2.69192791510675,-1.785873537809617,0.9902063477287998
-0.7540380451604333,-1.5596766951175158,2.2325081249534193,-0.5596358816585938,-1.070934743924137
3.9451084155725957,3.2207570247235844,1.808061695547652,-0.09490104523923443,-0.03677180582434094
-9.456325235734107,-1.548514695166661,-2.136871262583225,-1.6420578999158977,-0.8927732828343887
-0.1468720141727304,1.0471440841607123,0.5153222636038515,0.6069485822244902,3.2403260705264123
-0.24309391072811862,2.2425310937846845,0.8646834626238888,1.3288530666593215,3.3885615525954673
1.2651033060202073,-6.586756037932003,3.274416920914113,-0.8872995898699381,4.013724880287472
-7.18325322862448,4.0260951986588625,-3.2509394074123117,-2.4128561993235564,-0.9406360977704951
8.305560869094208,-6.349333947686307,-4.071625664811242,-0.626570588518553,3.4401826382802594
0.662999909347068,-5.368347253964784,2.786024961411353,-0.4729307956401695,-0.06881304262117918
-6.02786589190026,1.954562921648327,-5.074164598538084,1.619667668424888,2.036647097130577
2.125707853161487,-1.3495605669704196,-1.840034797735697,6.543949163666318,1.1887241685071002
1.3542169418824754,-6.702718368026377,-1.4671450386869753,2.4335730302721013,3.7657110301446313
0.2884584947116554,-4.890150431978902,3.929010656875574,-1.207957968465021,0.22557881289795711
6.188275424776452,-3.1816014268563855,-0.16406684321452036,2.6807187384585585,6.187702478231774
0.3122963653602712,-2.5199898292665566,2.817370746161977,-0.9460753128775049,0.5342832790101599
-1.0195421887500031,-2.6239034543130804,3.5493016593086364,6.085792154228627,-2.868233584245227
-0.21047893870197582,-2.983074894256016,1.892310684300428,-0.5908440381269355,2.2239989272022234
-3.5443393153181244,-1.3373377913733455,-1.3172671200509727,-4.336297760642347,-0.9599675034742117
0.011089253418394897,-4.808744579593506,3.1757250104912274,-1.7537712697371541,-1.2120885495023375
2.0706576707753483,-2.258225631230768,-4.860911102496796,1.635537161318403,2.6351921002900505
6.567954833930154,-0.4013300782316834,-4.5461199792734055,-0.26494573295007084,-0.05023209042990912
-8.710225550004274,-2.3867546616125916,-2.0646018617726805,-1.9775963006118078,-0.54120868852962
5.483737961963154,2.2019639636772723,2.9811206094518683,-0.9689121481677513,-1.0506243621109443
8.865273688959785,-2.275849495792578,-1.4013117778436996,-2.7342840894264056,-0.969635285061126
-7.579136654828493,2.2429567079227315,-0.023445817411908418,-2.3578011098233675,-0.6259740880959921
-8.748262849044819,-0.020194332756514402,0.39590147530356196,-1.4498012557891162,-0.2512248959111513
-8.426264570031842,-4.696683705593014,-2.7813551694771834,-1.3889538858899528,-0.6676104046074179
-6.845689393415638,-3.71524969084916,-4.083141182910278,0.20392347991574278,3.669984829854755
-8.727404515519336,-1.87855676280002,-2.916135597412207,15.068489040369595,-9.625924885512887
-6.5478917335053985,-0.7839117536654436,1.2734080285405889,-0.38030994275841284,-0.3704618437778361
-10.041937472267728,0.6537182843847813,-0.8074979328645304,-1.594685190842477,-0.03800580203025728
-5.799528561378639,2.3420641717462733,-2.909170791882224,-2.603254077016808,-2.247541443547765
-9.353255284785854,-0.5378449612834272,-1.9874731667316723,-1.2385924599422764,-0.19589798180795648
-7.796659803745302,-4.891928952811813,-2.715888822553303,-3.815366412444159,0.8651820635942354
-8.50168145544679,-4.6140062091012,-3.1387172269218087,-2.8350902572097487,1.8085372302765963
-7.13500645572296,-6.688937741845975,-4.033807093115564,-2.2268626824906024,0.25384146215820785
